{
  "top_eigenvalues": [
    37.59635966797889,
    30.2398545192851,
    24.33359143966103
  ],
  "top_eigenvalue_stds": [
    0.0,
    0.0,
    0.0
  ],
  "smallest_eigenvalues": [
    -2.0057388599997683,
    -1.9104947834261383,
    -1.878421783451804
  ],
  "lambda_max": 37.59635966797889,
  "lambda_min": -2.0057388599997683,
  "condition_number": -18.744394107208567,
  "condition_number_magnitude": 18.744394107208567,
  "n_parameters": 183242,
  "k": 3,
  "num_batches_used": 1,
  "status": "success",
  "warning": "Hessian has negative eigenvalues (indefinite); condition number may be negative"
}