{
  "alignment": 31.643856909967237,
  "alignment_std": 13.659422700130264,
  "eig_c_top": 127.62660598754883,
  "eig_h": 35.48129018147787,
  "ratio": 3.5970114202277075,
  "num_batches_used": 4
}