{
  "eigenvalue": 117.92437744140625,
  "curvature": 116.54616997423942,
  "seed": 42,
  "ckpt_name": "checkpoint",
  "num_eval_batches": 4,
  "eps_scale": 1.0,
  "num_points": 41,
  "timestamp": "2025-11-27 18:02:27"
}