{
  "alignment": 106.49300359910534,
  "alignment_std": 55.40505145792138,
  "eig_c_top": 327.16075897216797,
  "eig_h": 117.92511749267578,
  "ratio": 2.7743093746945826,
  "num_batches_used": 4
}