{
  "alignment": 79.79445032919607,
  "alignment_std": 21.23711388050591,
  "eig_c_top": 266.3165588378906,
  "eig_h": 174.71495310465494,
  "ratio": 1.524291734080789,
  "num_batches_used": 4
}